Palermo Pizza and Pasta (Burr Ridge Pkwy),"20% off, up to $5",4.5
The White Chocolate Grill,"20% off, up to $5",4.7
Hugo's Frog Bar & Fish House,$10 off,4.6
Capri Express To Go,$50 off,4.6
It's Just Wings,$0 delivery fee,4.2
Capri Express,$50 off,4.6
Tender Shack,$0 delivery fee,4.6
Chicken Tender Kitchen,"20% off, up to $6",4.6
Beauty & the Burger,$5 off,3.9
Palermo Pizza and Pasta (Burr Ridge Pkwy),$50 off,4.5
Chinese Kitchen,"20% off, up to $5",4.4
Chinese Kitchen,$0 delivery fee,4.4
Cold Stone Creamery,$0 delivery fee,4.7
Stan's Donuts & Coffee,"20% off, up to $5",4.8
Capri Express To Go,$50 off,4.6
Outback Steakhouse,"20% off, up to $5",4.4
Panera Bread,$3 off,4.6
Aloha Poke Co.,$0 delivery fee,4.6
Mapo Restaurant,$0 delivery fee,4.6
LemonShark Poke,$0 delivery fee,4.6
Capri Express,$50 off,4.6
MrBeast Burger,$3 off,4.4
Carrabbaâ€™s Italian Grill,"20% off, up to $5",4.4
Guy Fieri's Flavortown Kitchen,$3 off,4.5
Papa John's Pizza,"20% off, up to $5",4.6
Naf Naf Grill,"20% off, up to $5",4.6
Rock Bottom Restaurant and Brewery,"20% off, up to $5",4.4
Sushi Ukai (Rice Lake Square),"15% off, up to $4",4.9
Paisans Pizzeria and Bar,$0 delivery fee,4.6
Sullivan's,"20% off, up to $5",4.6
Teddy's Red Hots,"20% off, up to $5",4.7
Wow Bao,"20% off, up to $5",3.9
Uncle Julio's Mexican From Scratch,$5 off,4.5
Cedar Grill,"20% off, up to $5",4.8
Cedar Grill,$0 delivery fee,4.8
Billy Bricks Wood Fired Pizza,"20% off, up to $5",4.6
Cousins Subs,"20% off, up to $5",4.7
Tacochela,$3 off,4.4
Old Town Pour House,"20% off, up to $5",4.5
Burger City,"20% off, up to $5",4.7
The Grill Effect,"15% off, up to $6",4.5
Peet's Coffee,"20% off, up to $5",4.8
Tender Shack,"20% off, up to $5",4.6
Buca di Beppo,$3 off,4.6
Cuisine of India,"15% off, up to $4",4.6
Cuisine of India,$0 delivery fee,4.6
Savage Burrito,$5 off,4.5
Red Mango,"20% off, up to $5",4.7
Grand Duke's Restaurant,"20% off, up to $5",4.7
Zoup! Eatery,"20% off, up to $5",4.6
